token_name,rank,holder_address,balance,holders_count
Blockcola Token,1,TLjiPFnSzx6sYGhWMXQZhFhESvWTAh3e8d,5223,12542.98669
Blockcola Token,2,TVkeKCwR7CFpm7ZHT4VTJWHTKT1v7wHXgQ,5223,2221.312323
Blockcola Token,3,TKH4HPMPjxR2Q93XBVfQrpGiBpyjBwBG6P,5223,1888.149961
Blockcola Token,4,TEPSrSYPDSQ7yXpMFPq91Fb1QEWpMkRGfn,5223,1725.357904
Blockcola Token,5,TYZTZxY8xaVfBpUsZYify4fTTJDJuvBpeH,5223,1298.101399
Blockcola Token,6,TXka46PPwttNPWfFDPtt3GUodbPThyufaV,5223,505.958434
Blockcola Token,7,TPXAKyxitRtgEgk3EGiycXiVxm5TQgwEYY,5223,197.898748
Blockcola Token,8,TRGZi8ikDDnV8Qo3EHXHKcNyVkFcUUFLkr,5223,155.118333
Blockcola Token,9,TBpZLbR9bjg8sgBZsVrVuqUyV3vfwiWBfc,5223,130.0
Blockcola Token,10,TH86oKXeLg1utiwasgBwVSRe3nESiqZXuH,5223,111.06919
Blockcola Token,11,TBWdsiHQRvzthwnAEgC9CmsQejPMdYuGSg,5223,73.641232
Blockcola Token,12,TR9U35iFw6irurNyh63REoZJ86BtZyEw7g,5223,53.348712
Blockcola Token,13,TULhqiLtaRssmayJRTM3QcgEVVP4Do9Edy,5223,52.044985
Blockcola Token,14,TApUoqQ4sL2KQPAYHmbDBgUi3fhABXJjjy,5223,44.803467
Blockcola Token,15,TVQ3xG7f1CCis8QahM2zgyG9jqXj6d9YhP,5223,44.568599
Blockcola Token,16,TBaoUmhnXSzCgWsHBw4FQShv2iDSu7Vgvh,5223,43.329382
Blockcola Token,17,TVHLU9p4AdR7ZE5NZxCpvPxrsnCUtGmzz5,5223,40.572334
Blockcola Token,18,TUYV1EFeCZCpum3GnnwFkSRbLiKSyg8aT6,5223,40.0
Blockcola Token,19,TFhXh5zUAqQvBUXS3EPxZa7mDwCp8Je7ZM,5223,38.479136
Blockcola Token,20,TDE221VideY2eCqgGQGwt2wiWpxrWERkrC,5223,36.405062
Blockcola Token,21,TKjBnEJNvHDJRWXXSz27SWxFzbjpt8B4nA,5223,36.132751
Blockcola Token,22,THuqz5By8vQ8ie1EweywH9snvkKjA6Dx4u,5223,35.0
Blockcola Token,23,TKhyq3sPEvRC1ECXf3AG9oXgBpgvHhfwC2,5223,32.635943
Blockcola Token,24,TYX6x3nP4zCUVNPYeuwjqAW8fRB2DNP4e7,5223,30.44484
Blockcola Token,25,TUmbWKgA4H2uGQDmhkJHttzmt6NymQxV1r,5223,29.627218
Blockcola Token,26,TUmftC2a6LH3TSeCKg2YquukjHXwz41QyL,5223,29.550653
Blockcola Token,27,TVm3vEohV918geD6F9MsdWrb96b35uNp42,5223,26.224944
Blockcola Token,28,TTpX62zHjm7hQ8J1yitRDYhnhUSWhpPjA7,5223,26.07599
Blockcola Token,29,TDayBvP3GKAi4uoCHbRj8DEv182hcdGmBN,5223,26.0
Blockcola Token,30,TEFYUYi6JJwNR7zjwswKvfztpN8igDTVDg,5223,25.514536
Blockcola Token,31,TSDszgc47Y1Yc53UBDSuhTQkmkWBDoZLYq,5223,24.67035
Blockcola Token,32,TLCcvhgKZ4M7u2RxzChz27AP6qPevGzCWr,5223,22.233893
Blockcola Token,33,TMbT3Nqsqn1nT1PiXDHtBmT1YpJGuXxtuW,5223,22.043385
Blockcola Token,34,TKbsC5NDoouA63TWVR8WwgZnpBrz5h1RS3,5223,21.339356
Blockcola Token,35,TQSN7rkA5VhEjja6VmYzXbQydz9QTjdBJD,5223,20.944039
Blockcola Token,36,TGSRnvywaocYPdTuNKjW66K4FU31gkxh97,5223,20.138038
Blockcola Token,37,TKc5JEenRNWx2Z9Gcv4C5YCpWkp876KfUC,5223,19.776944
Blockcola Token,38,TNBFhjEppM9QKnQNYyZjRg6V9CxPqQtGBj,5223,19.295741
Blockcola Token,39,TPaN5ZqJrsTjJcLLKZNyTNnFFWfcz2qzqK,5223,17.592257
Blockcola Token,40,TA2egYMATjFHFqXiF69oswUuonG8tqJu5J,5223,17.024557
Blockcola Token,41,TEoBpCGVYQHePPr9Eu4Ag2wmmQcDPNucNX,5223,16.756806
Blockcola Token,42,TQomySAUxvHZkG2m8ugkZrDXfnG1zHyct8,5223,15.837531
Blockcola Token,43,TGe9fjzaTwbbLu1ySJWjAaKyMHXKo7oqVm,5223,14.592115
Blockcola Token,44,TKL3Gmkar3krxgdF3bX6MGbZmcXAK7VYE2,5223,14.544285
Blockcola Token,45,TTHMAo4pzgRnADt37uS77HPGg3VtND2Kjf,5223,14.303245
Blockcola Token,46,TMB8xh4FpqfUgrRDBA4uc2Jc42Z7D7e4Bb,5223,14.132204
Blockcola Token,47,TXao7QURaELFCFSKjmLEbaY1aVV4gK4FKu,5223,13.521677
Blockcola Token,48,TSC1wGkVGuY5GAFLEhhb9jf4TssntcwgxZ,5223,13.516423
Blockcola Token,49,TSb1uFdGV7xEcMWboqpANr6FGLJnQV2CrJ,5223,13.472843
Blockcola Token,50,TBTj5WHPRCpuT5txyLjTGtft3UYXEgrDjN,5223,12.909861
